id,book_description,genre_name,book_name,author_name
27,"Bữa cơm gia đình Việt Nam vốn có hàm nghĩa là sum vầy, đầm ấm, tượng trưng cho ý nghĩa đẹp nhất của một gia đình hạnh phúc. Ngày nay, cùng với sự phát triển của đất nước, chúng ta chẳng những đã có những bữa cơm no mà còn có những bữa cơm ngon với kỹ thuật chế biến đẹp mắt hơn.

Nấu một bữa cơm, có lẽ cũng là điều giản dị đối với hầu hết mọi người. Nhưng để nấu một bữa cơm ngon, chắc chắn phải đòi hỏi một nghệ thuật, kỹ thuật đặc biệt.

Mong rằng cuốn sách nhỏ này sẽ hướng dẫn, gợi ý giúp các bạn nấu một bữa cơm đủ dinh dưỡng, ngon, lạ, đặc sắc, dành cho những người thân yêu trong gia đình.

Sách in trên giấy couché, ảnh minh họa màu.","Ẩm thực-Nấu ăn","Những Món Cơm Ngon Đặc Sắc","Tiểu Quỳnh"
28,"Cuốn sách “Món ăn giúp trẻ thông minh học giỏi” xin giới thiệu các loại thực phẩm thông dụng hàng ngày, các món ăn bổ dưỡng giúp trẻ nhỏ thêm linh lợi, hoạt bát, giúp sĩ tử thêm vững tin trước các kỳ thi đầy gian nan.","Ẩm thực-Nấu ăn","Món Ăn Giúp Trẻ Thông Minh Học Giỏi","Nhật Nguyên"
29,"Hướng dẫn cách pha chế rượu – cocktail cho các dịp khác nhau như: đồ uống trước bữa tối; đồ uống sau bữa tối; đồ uống ít chất bổ; đồ uống thời tiết nóng…Giới thiệu tủ đựng cocktail, các loại cockatil, cocktail trái cây và cocktail không có chất rượu…","Ẩm thực-Nấu ăn","Nghệ Thuật Pha Chế 460 Loại Rượu Cocktail","Nhiều tác giả"
30,"Món gà – món vịt là những thức ăn thân thuộc với người Việt Nam từ bao đời nay. Trong bữa cơm gia đình, trong các buổi tiệc sang trọng hay bữa cúng giỗ, hiếm khi nào lại thiếu món gà – món vịt vừa ngon vừa giàu dinh dưỡng này.

Gần 90 món ăn được giới thiệu trong tập sách này là những món chọn lọc, hợp với khẩu vị của người việt, sẽ giúp các bạn nắm được những quy tắc chung nhất để chế biến các món ăn này.

Chúc các bạn thành công.","Ẩm thực-Nấu ăn","Dinh Dưỡng Cho Trẻ Béo Phì","Nhiều tác giả"
31,"Đặc điểm món ăn từng miền tuy khác nhau, nhưng vẫn có những điểm tương đồng, thể hiện qua cơ cấu bữa ăn, nguyên tắc chế biến như nước dùng, nước mắm, gia vị hỗn hợp, rau phong phú, các loại nước chấm chế biến đa dạng phù hợp với món ăn. Vì vậy, không chỉ người Việt mà nhiều người nước ngoài đều rất yêu thích văn hóa ẩm thực của đất nước hình chữ S.","Ẩm thực-Nấu ăn","Các Món Ăn Đặc Sản Miền Nam","Lâm Hoa Phụng"
32,"Sinh tố là thức uống chế biến từ vật liệu trái cây và rau củ tươi, giúp hấp thu bổ sung chất khoáng, vitamin và chất xơ. Ngoài các trái cây và rau củ có thể xay sinh tố, cần bổ sung thêm thực phẩm một cách linh hoạt, hợp lý để tăng hiệu quả giữ gìn sắc đẹp và bảo vệ sức khoẻ.","Ẩm thực-Nấu ăn","Kỹ Thuật Pha Chế Sinh Tố – Làm Đẹp Và Trị Bệnh","Nhiều tác giả"
33,"“Giáo trình thực hành chế biến món ăn“ này là tài liệu giảng dạy và học tập trong các trường THCN ở Hà Nội, đồng thời là tài liệu thao khảo hữu ích cho các trường có đào tạo các ngành kỹ thuật – nghiệp vụ và đông đảo bạn đọc quan tâm đến vấn đề hướng nghiệp và dạy nghề.","Ẩm thực-Nấu ăn","Giáo Trình Thực Hành Chế Biến Món Ăn","Nhiều tác giả"
34,"Món lẩu, món xốt, món súp, (phụ gia) đã và đang là những món ăn ngon, hợp khẩu vị, lịch sự và rất phổ biến trong các gia đình Việt mỗi khi tổ chức liên hoan hay các dịp lễ tế. Cuốn sách được biên soạn với mục đích giúp các bạn nội trợ chế biến được các món lẩu và súp, ngon, lạ miệng và hấp dẫn:","Ẩm thực-Nấu ăn","Kỹ Thuật Chế Biến Các Món Lẩu Xốt Súp","Tiểu Quỳnh"
43,"Cuốn sách “Món Ngon Dễ Làm” của tác giả Minh Thư giúp các chúng ta chế biến các món ăn cho gia đình một cách dễ dàng, với cách hướng dẫn tỉ mỉ, tất cả mọi người sau khi đọc xong đều có thể lựa chọn cho mình những món phù hợp để thực hành. Cuốn sách có trên 70 món khác nhau để các bạn lựa chọn.","Ẩm thực-Nấu ăn","MÓN NGON DỄ LÀM","Minh Thư"
44,"Văn học Việt Nam thời xưa có nhiều tác phẩm có giá trị to lớn về mặt nhân văn và nghệ thuật, đã được công nhận và chứng thực qua thời gian. Bộ sách Việt Nam danh tác bao gồm loạt tác phẩm đi cùng năm tháng như: Số đỏ (Vũ Trọng Phụng), Việc làng (Ngô Tất Tố), Gió đầu mùa, Hà Nội băm sáu phố phường (Thạch Lam), Miếng ngon Hà Nội (Vũ Bằng), Vang bóng một thời (Nguyễn Tuân)... Hy vọng bộ sách sau khi tái bản sẽ giúp đông đảo tầng lớp độc giả thêm hiểu, tự hào và nâng niu kho tàng văn học nước nhà.","Ẩm thực-Nấu ăn","MIẾNG NGON HÀ NỘI","Tự lực văn đoàn"
45,"Suốt những năm tháng ròng rã vật lộn mưu sinh tại miền Nam, của ngon vật hiếm nơi đất khách đã giúp Vũ Bằng vơi đi nỗi buồn hoang hoải hướng về cố hương.

Món lạ miền Nam đã ra đời như vậy, cuốn tùy bút độc đáo của Vũ Bằng về những trải nghiệm hương vị ẩm thực mà mới nghe tên thôi người ta đã cảm thấy thích thú..","Ẩm thực-Nấu ăn","MÓN LẠ MIỀN NAM","Tự lực văn đoàn"
1,"Những câu 
chuyện trong cuốn sách này giống như hạt mầm trí tuệ - hàm chứa ý nghĩa sâu xa và những 
bài học sâu sắc. Bằng cách dẫn dắt tự nhiên, kết hợp với những hình ảnh minh họa ngộ
 nghĩnh về các loài vật nhỏ, bộ sách Chuyện Kể Cho Bé Trước Giờ Đi Ngủ sẽ tạo cho bé
 cảm giác thật gần gũi. Qua đó, bồi đắp cho bé những đức tính cần thiết như: tính tự giác,
 chăm chỉ, lòng bao dung, kiên cường vượt qua thử thách...","Cổ Tích - Thần Thoại","Chuyện kể cho bé","Nhiều tác giả"
2,"Đôi nét về cuộc đời, 
 sự nghiệp văn học, khoa học của Nguyễn Đổng Chi. Nghiên cứu truyện cỏ̂ tích nói chung 
 và truyện cỏ̂ tích Việt Nam. Bản chá̂t truyện cỏ̂ tích. Lai lịch truyện cỏ̂ tích. Truyện
 cỏ̂ tích Việt Nam qua các thời đại.","Cổ Tích - Thần Thoại","Kho tàng truyện cổ tích Việt Nam","Nguyễn Đổng Chi"
3,"10 Huyền Thoại Viking Hay Nhất Mọi
 Thời Đại được trình bày dưới nhiều hình thức khác nhau. Sau mỗi huyền thoại lại có những 
 dữ liệu kỳ thú liên quan đến chủ đề.","Cổ Tích - Thần Thoại","10 Huyền Thoại Viking Hay Nhất Mọi Thời Đại","Michael Cox"
4,"Trước giờ đi ngủ, cả gia đình quây
 quần bên nhau cùng đọc một vài câu chuyện để khơi lên sức sống mơn mởn của mùa xuân, 
 thưởng lãm không gian khoáng đạt của mùa hè, thả hồn mơ mộng cùng sắc thu hay cảm động 
 cùng dư vị ấm áp giữa mùa đông… không chỉ tạo bầu không khí gia đình hạnh phúc mà còn là 
 hành trang sống theo bé đi suốt cuộc đời.

365 TRUYỆN KỂ HẰNG ĐÊM là series truyện
 kể dành cho bé được tuyển chọn theo “tinh thần” bốn mùa xuân, hạ, thu, đông… gồm những 
 truyện kể ở xứ thần tiên, truyện kể tri thức, truyện hay rèn thói quen tốt, truyện kể 
 về danh nhân, truyện kể dân gian… Mỗi câu chuyện sẽ mở ra một trải nghiệm đặc biệt, cung 
 cấp một kiến thức thú vị, bồi dưỡng một phẩm chất ưu tú… giúp bé trưởng thành.","Cổ Tích - Thần Thoại","365 Chuyện Kể Hàng Đêm – Mùa Thu","Lưu Hồng Hà"
5,"Ngụ ngôn là những truyện ngắn thường mượn chuyện loài vật để nói về việc đời nhằm
 dẫn đến những đạo lý, kinh nghiệm sống. 108 truyện ngụ ngôn là 108 câu chuyện chủ yếu của
 các con vật: Rùa học bay, Ngựa và Lừa, Chó nhà và Sói, Muỗi và Sư tử… và rất nhiều chuyện
 ngụ ngôn khác. Mỗi câu chuyện đó là mỗi một bài học cho đến giờ vẫn còn nguyên giá trị. 
 Vậy những câu chuyện về các con vật đó dạy chúng ta điều gì?","Cổ Tích - Thần Thoại","108 Truyện Ngụ Ngôn Hay
 Nhất","Nhiều tác giả"
6,"Syria là một quốc gia ở Tây Á. Cái tên Syria trước kia gồm toàn bộ vùng Levant, 
 trong khi nhà nước hiện đại bao gồm địa điểm của nhiều vương quốc và đế chế cổ, gồm cả nền
 văn minh Ebla từ thiên niên kỷ thứ ba trước Công Nguyên.","Cổ Tích - Thần Thoại","truyện cổ xyri","Nguyễn Huy Thắng"
7,"Nghìn lẻ một đêm, tác phẩm vĩ đại bậc nhất của nền văn 
 học A Rập, là một trong những công trình sáng tạo phong phú và hoàn mỹ của nền văn học thế
 giới.","Cổ Tích - Thần Thoại","Nghìn Lẻ Một Đêm","Nhiều tác giả"
8,"Tập truyện này giới thiệu với các bạn hơn hai mươi truyện
 ngắn dân gian đặc sắc của đất nước Mặt trời mọc. Các bạn sẽ có cơ hội tìm hiểu về lai lịch,
 văn hoá và con người Nhật Bản qua những câu chuyện lạ lùng và độc đáo như:-Những cuộn kinh
 linh ứng-Thiên đàng của mèo- Mèo cá và nhà sư …","Cổ Tích - Thần Thoại","Truyện cổ Nhật Bản","Nhiều tác giả"
9,"Nhà văn Hans Christian Andersen (1805 – 1875) có lẽ
 là một hiện tượng văn học hiếm có trên thế giới.. Andersen viết du ký, kịch, tiểu thuyết,
 làm thơ, nhưng nổi nhất là truyện. Truyện của ông dựa vào truyện dân gian, truyền thuyết,
 lịch sử, đời sống hàng ngày và cả cuộc đời riêng của tác giả.","Cổ Tích - Thần Thoại","Truyện cổ Andersen","Hans Christian Andersen"
10,"Tuyển tập truyện cổ tích sưu tầm từ Internet","Cổ Tích - Thần Thoại","Tuyển tập truyện cổ tích thế giới","Nhiều tác giả"
33,"“Giáo trình thực hành chế biến món ăn“ này là tài liệu giảng dạy và học tập trong các trường THCN ở Hà Nội, đồng thời là tài liệu thao khảo hữu ích cho các trường có đào tạo các ngành kỹ thuật – nghiệp vụ và đông đảo bạn đọc quan tâm đến vấn đề hướng nghiệp và dạy nghề.","Giáo trình-Bài giảng","Giáo Trình Thực Hành Chế Biến Món Ăn","Nhiều tác giả"
35,"Hệ chương trình MATLAB là một công cụ xử lý số các hệ kỹ thuật từ đơn giản đến phức tạp. Chương trình này phù hợp với việc phân tích và tổng hợp nhanh các quá trình động lực đặc biệt trong nghiên cứu và phát triển, ngày nay Matlab đang được sử dụng nhiều trong công nghiệp. Matlab ngày càng có vai trò trong các trường đại học và cao đẳng kỹ thuật. Matlab có thể trợ giúp đắc lực các sinh viên và kỹ sư trong việc giải quyết các vấn đề tính toán số các bài toán kỹ thuật. Đặc biệt đối với sinh viên và kỹ sư ngành Cơ khí, điện, điện tử, cơ điện tử Matlab là một công cụ không thể thiếu."","Giáo trình-Bài giảng","MATLAB LECTURE","Nguyễn Quang Hoàng"
36,"Hệ chương trình MATLAB là một công cụ xử lý số các hệ kỹ thuật từ đơn giản đến phức tạp. Chương trình này phù hợp với việc phân tích và tổng hợp nhanh các quá trình động lực đặc biệt trong nghiên cứu và phát triển, ngày nay Matlab đang được sử dụng nhiều trong công nghiệp. Matlab ngày càng có vai trò trong các trường đại học và cao đẳng kỹ thuật. Matlab có thể trợ giúp đắc lực các sinh viên và kỹ sư trong việc giải quyết các vấn đề tính toán số các bài toán kỹ thuật. Đặc biệt đối với sinh viên và kỹ sư ngành Cơ khí, điện, điện tử, cơ điện tử Matlab là một công cụ không thể thiếu."","Giáo trình-Bài giảng","MATLAB - BÀI TẬP - MÔ PHỎNG HỆ ĐỘNG LỰC","Nguyễn Quang Hoàng"
37,"Các nội dung trong tài liệu học Java này bao gồm:

Chú thích trong Java
Định danh/Đặt tên
Phân loại biến
Các kiểu dữ liệu nguyên thủy (cơ sở)
Biểu thức, Toán tử
Cấu trúc điều kiện lặp
Ngoại lệ (Exception)
String và StringBuilder
Mảng
Scanner và Nhập/Xuất với tệp tin","Giáo trình-Bài giảng","TỔNG HỢP KIẾN THỨC JAVA CĂN BẢN",codeGym
38,"Xây dựng nền tảng lập trình chỉ trong 1 tháng

Ebook “Lập trình căn bản” cung cấp hệ thống kiến thức nền tảng lập trình cốt yếu từ lý thuyết đến thực hành, giúp bạn từ chưa biết gì có thể xây gốc, nhanh chóng bước chân vào thế giới IT chỉ trong vòng 1 tháng.

Cuốn sách đặc biệt phù hợp với những bạn bắt đầu từ con số 0, mong muốn phát triển năng lực lập trình trong thời gian nhanh nhất.

Giúp bạn xây dựng hệ thống kiến thức nền tảng lập trình một cách bài bản
Tạo nền móng để học chuyên sâu hơn bất cứ ngôn ngữ lập trình nào: Java, JavaScript, Python…
Bắt đầu học kiến thức mới dễ dàng với nội dung cô đọng, súc tích
Giúp bạn hiểu rõ - nhớ lâu thông qua các ví dụ chi tiết và bài tập thực hành.
Danh mục:

CHƯƠNG 1: NHẬP MÔN LẬP TRÌNH

CHƯƠNG 2: BIẾN, KIỂU DỮ LIỆU VÀ TOÁN TỬ

CHƯƠNG 3: CÂU LỆNH ĐIỀU KIỆN

CHƯƠNG 4: CÂU LỆNH LẶP

CHƯƠNG 5: MẢNG

CHƯƠNG 6: HÀM

CHƯƠNG 7: THUẬT TOÁN TÌM KIẾM

CHƯƠNG 8: THUẬT TOÁN SẮP XẾP","Giáo trình-Bài giảng","LẬP TRÌNH CĂN BẢN",codeGym
39,"Để học tốt lập trình ngoài tư duy logic, tư duy giải quyết vấn đề thì tiếng Anh cũng là một trong những yếu tố quan trọng. Bởi tài liệu học lập trình cũng như thuật ngữ bằng tiếng Anh là đa số. Tài liệu 150 thuật ngữ tiếng Anh trong ngành Công nghệ thông tin tổng hợp những thuật ngữ thường xuyên bắt gặp trong ngành Công nghệ thông tin mà bất cứ lập trình viên nào cũng cần nắm được.","Giáo trình-Bài giảng","150 THUẬT NGỮ TIẾNG ANH CHUYÊN NGÀNH LẬP TRÌNH",codeGym
40,"Cuốn Sổ tay nghề lập trình giúp bạn có được những thông tin tổng quan nhất về ngành nghề, định vị bản thân, xây dựng lộ trình học tập và phát triển.

Nội dung cuốn sổ tay xoay quanh nghề lập trình:

Tổng quan nghề lập trình;
Các vị trí công việc công nghệ thông tin;
Lập trình viên làm việc ở những đâu;
Lập trình viên nên học ngôn ngữ nào…","Giáo trình-Bài giảng","SỔ TAY NGHỀ LẬP TRÌNH",codeGym
41,""Sinh Học Cơ Thể" là một trong những giáo trình cơ bản của chương trình đào tạo Cao đẳng và Đại học cho các sinh viên chuyên ngành về Khoa học sự sống.

Sinh Học Cơ Thể" chủ yếu đề cập đến sinh học các cơ thể đa bào bậc cao như thực và động vật, là những sinh vật có mức độ tiến hóa cao nhất trong sinh giới và có tầm rất quan trọng đối với sản xuất cũng như đời sống con người.","Giáo trình-Bài giảng","SINH HỌC CƠ THỂ","PGS.TS Nguyễn Như Hiển"
42,"Chương 1: Khái niệm cơ bản về mạch điện

Chương 2: Phương pháp phân tích mạch điện

Chương 3: Mạch khuếch đại và khuếch đại thuật toán

Chương 4: Dạng sóng và tín hiệu

Chương 5: Quá độ trong mạch điện

Chương 6: Mạch điện xoay chiều

Chương 7: Đáp ứng tần số, lọc và cộng hưởng

Chương 8: Mạng hai cửa

Chương 9: Hỗ cảm","Giáo trình-Bài giảng","GIÁO TRÌNH LÝ THUYẾT MẠCH","Phạm Khánh Tùng"
46,"Cuốn sách Phẩm cách cha mẹ của tác giả Bando Mariko gồm 7 chương: Giáo dục sinh mệnh (bắt đầu từ lời chào hỏi, đến việc cả gia đình cùng ăn cơm, cùng con ca hát, đọc sách, khám phá thiên nhiên); Giáo dục phép tắc cư xử (cho con giúp đỡ cha mẹ, tạo cho con thói quen sinh hoạt tốt…); Giáo dục nhân tính (luôn giữ lời hứa, khiêm tốn vừa phải, giúp con tự tin…); Sự tiếp xúc với trường học, Giáo dục trẻ tuổi teen; Cách tiếp cận thông tin; Duy trì mối quan hệ giữa cha mẹ và con cái khi các con đã trưởng thành;","Giáo trình-Bài giảng","PHẨM CÁCH CHA MẸ","Bando Mariko"
54,"Cuốn sách Hướng dẫn sử dụng tâm mình này hoàn toàn phù hợp với bạn nếu bạn muốn dành cho mình những điều tốt đẹp và đáng trân quý nhất. Bạn muốn yêu thương chính bản thân, muốn quý trọng linh hồn của mình, muốn đi trên con đường khai tâm, để trở thành một phiên bản rực rỡ, rạng ngời, phiên bản tốt nhất của chính mình.","Sách tâm lý và kĩ năng sống","Hướng dẫn sử dụng tâm mình","Tạ Minh Tuấn"
61,"Tuổi Thơ Dữ dội của tác giả ở một đồng quê nghèo","Sách văn học nghệ thuật","Tuổi Thơ Dữ Dội","Phùng Quán"
62,"Ranh Giới","Sách văn học nghệ thuật","Ranh Giới","Đường Gia Tam Thiếu"
63,"Lại đêm nữa, bà đơn phương vùi khát thèm bằng trắng đêm giã gạo. Những đêm trăng quê yên tĩnh trải rộng miên man dài. Những đêm giã gạo toát mồ hôi, gió vừa đủ lạnh thấm lỗ chân lông gời gợi. Những đêm không chịu nổi, bà ôm chặt cái thân cối giã gạo, òa khóc cho hả lòng hả dạ, cho bớt tủi nhục cô đơn. Trong đêm, cái khúc gỗ nhãn làm thân cối giã gạo được bào nhẵn vuông tròn mịn màng hiển hiện như một thân thể đàn ông. Tại sao không cho bà được yêu thương, được ôm ấp, được giận hờn…","Sách văn học nghệ thuật","Con Hoang","Lê Hồng Nguyên"
64,"Ăn mừng","Sách văn học nghệ thuật","Ăn Mừng","Vũ Trọng Phụng"
68,"Vũ Trong Phụng viết Làm đĩ vào năm 1936, một thời đại thực sự hỗn loạn như đã hiện lên qua nhiều trang viết của ông và các nhà văn cùng thời. Xã hội thành thị Việt Nam thời ấy đang “Âu hóa” một cách nửa mùa – cái cũ chưa qua, cái mới chưa tới, đầy rẫy sự nhốn nháo, lừa lọc, sa đọa và đau khổ.","Sách văn học nghệ thuật","Làm Đĩ","Vũ Trọng Phụng"
11,"Là một bộ tiểu thuyết được viết lại trên cơ sở cuốn Vũ Vương phạt Trụ bình thoại
 in từ thời nhà Nguyên, trong đó bao gồm các tư liệu lịch sử cùng với các thần thoại, truyền
 thuyết, huyền huyễn, có nhiều nhân vật và tình tiết hư cấu như nhiều bộ tiểu thuyết đương 
 thời khác.","Tiểu thuyết","Phong thần diễn
 nghĩa","Nhiều tác giả"
12,"xuất bản
 năm 1926 của Nguyễn Văn Ngọc & Trần Lê Nhân","Tiểu thuyết","Cổ học tinh hoa","Nguyễn Văn Ngọc"
13,"Số đỏ là một tiểu thuyết văn học của nhà văn Vũ Trọng Phụng, đăng ở Hà Nội báo từ số 40 
 ngày 7 tháng 10 năm 1936 và được in thành sách lần đầu vào năm 1938. Nhiều nhân vật và câu
 nói trong tác phẩm đã đi vào cuộc sống đời thường và tác phẩm đã được dựng thành kịch, 
 phim.","Tiểu thuyết","Số đổ","Vũ Trọng Phụng"
14,"Hồng lâu mộng hay tên gốc Thạch đầu ký là một trong Tứ đại danh tác của Trung Quốc. Với hơn 100 triệu bản được xuất bản, tiểu thuyết này trở thành một trong những sách bán chạy nhất của mọi thời đại.","Tiểu thuyết","Hồng lâu mộng","Tào Tuyết Cần"
15,"Vũ Trọng Phụng là một nhà văn, nhà báo nổi tiếng của Việt Nam vào đầu thế kỷ 20.","Tiểu thuyết","Truyện ngắn Vũ Trọng Phụng","Vũ Trọng Phụng"
16,"xuất bản năm 1934 của Nhất Linh","Tiểu thuyết","Đoạn tuyện","Tự lực văn đoàn"
18,"Sống mòn là một thiên tiểu thuyết hiện thực dưới ngòi bút của nhà văn thiên tài Nam Cao. Tác phẩm là một bức tranh lột tả cuộc sống cơ cực của những kiếp người bất hạnh bị cái nghèo, cái đói biến thành nô lệ.","Tiểu thuyết","Sống mòn","Nam Cao"
19,"Chí Phèo là một truyện ngắn nổi tiếng của nhà văn Nam Cao viết vào tháng 2 năm 1941. Chí Phèo là một tác phẩm xuất sắc, thể hiện nghệ thuật viết truyện độc đáo của Nam Cao, đồng thời là một tấn bi kịch của một người nông dân nghèo bị tha hóa trong xã hội. Chí Phèo cũng là tên nhân vật chính của truyện.","Tiểu thuyết","Chí Phèo","Nam Cao"
20,"Kỹ nghệ lấy Tây là phóng sự thứ hai của Vũ Trọng Phụng, được đăng trên báo Nhật Tân vào năm 1934 và là một trong những tác phẩm góp phần khẳng định tài năng của ông vua phóng sự đất Bắc.","Tiểu thuyết","Kỹ nghệ lấy Tây","Vũ Trọng Phụng"
25,"Tiểu thuyết hiện thực của cố văn sĩ Vũ Trọng Phụng, mô tả những cảnh sống lầm than của dân quê, và những tình trạng khốn khổ của dân nghèo dưới thời Pháp thuộc... Xuất bản lằn đầu tiên năm 1936, sách cùa VTP đã được tái bản hiều lần.","Tiểu thuyết","Vỡ đê","Vũ Trọng Phụng"
26,"Phóng sự “Cạm bẫy người” viết về nạn cờ bạc bịp ở đất Hà thành những năm 1930, vạch rõ bộ mặt của một tệ đoan xã hội đồng thời nêu ra những bi kịch của nó cho bọn tín đồ “tôn giáo đỏ đen”.","Tiểu thuyết","Cạm bẫy người","Vũ Trọng Phụng"
50,"Tác phẩm Một nghệ thuật sống nêu lên những quan niệm về cuộc sống và cách sống: sống là gì, lẽ sống của con người, nhận biết chân giá trị của sự vật, hành động để giải thoát...Tác giả không tập trung khai thác, phân tích tâm lý con người như những sách nghệ thuật sống, rèn luyện nhân cách phổ biến hiện nay.","Tiểu thuyết","MỘT NGHỆ THUẬT SỐNG","Thu Giang"
51,"Diệp Thiếu Dương vốn là một Mao Sơn tróc quỷ nhân, dũng cảm tiến vào đô thị, gặp người đấu người, gặp quỷ đấu quỷ, gặp yêu đấu yêu, gặp hồ đấu hồ...","Truyện Kinh dị","Mao Sơn Tróc Quỷ Nhân","Thanh Tử"
55,"Ranh giới giữa văn học và cuộc sống đôi lúc rất mong manh. Có những tác phẩm làm người đọc đọc xong thấy con tim vui trở lại, thấy cuộc sống đẹp. Với điện thoại bạn đang cầm trên tay, tôi cũng hi vọng bạn đọc xong cái chết" để hiểu ý nghĩa của "tồn tại". Đọc xong "truyện ma quỷ" để bạn hiểu giá trị của "cuộc sống"."","Truyện Kinh dị","Chuyện Quái Dị ở Trường Học","Quái Đàm Hiệp Hội"
56,"Đang cập nhật","Truyện Kinh dị","Mụ Phù Thủy","Gloria Ericson"
57,"Mái học rùng rợn","Truyện Kinh dị","Mái Tóc Rùng Rợn","Tống Mạt Than"
58,"Căn Phòng Cấm","Truyện Kinh dị","Căn Phòng Cấm","R.L. Stine"
15,"Vũ Trọng Phụng là một nhà văn, nhà báo nổi tiếng của Việt Nam vào đầu thế kỷ 20.","truyện ngắn","Truyện ngắn Vũ Trọng Phụng","Vũ Trọng Phụng"
16,"xuất bản năm 1934 của Nhất Linh","truyện ngắn","Đoạn tuyện","Tự lực văn đoàn"
17,"xuất bản năm 1943 của Thạch Lam","truyện ngắn","Hà Nội ba sáu phố phường","Tự lực văn đoàn"
21,"Vang bóng một thời là một tập truyện ngắn và tùy bút của nhà văn Nguyễn Tuân. Tác phẩm được nhà xuất bản Tân Dân xuất bản lần đầu tiên năm 1940.","truyện ngắn","Vang bóng một thời","Nguyễn Tuân"
22,"Nguyễn Tuân (10 tháng 7 năm 1910 – 28 tháng 7 năm 1987) là một nhà văn người Việt Nam.

Nguyễn Tuân có sở trường về tùy bút và ký. Ông viết văn với một phong cách tài hoa uyên bác và được xem là bậc thầy trong việc sáng tạo và sử dụng tiếng Việt. Các tác phẩm của Nguyễn Tuân luôn thể hiện phong cách độc đáo, tài hoa, sự hiểu biết phong phú trong nhiều lĩnh vực và vốn ngôn ngữ giàu có, điêu luyện. Sách giáo khoa hiện hành xếp ông vào một trong 9 tác giả tiêu biểu của văn học Việt Nam hiện đại.","truyện ngắn","Tuyển tập Nguyễn Tuân","Nguyễn Tuân"
23,"Nguyễn Tuân (10 tháng 7 năm 1910 – 28 tháng 7 năm 1987) là một nhà văn người Việt Nam.

Nguyễn Tuân có sở trường về tùy bút và ký. Ông viết văn với một phong cách tài hoa uyên bác và được xem là bậc thầy trong việc sáng tạo và sử dụng tiếng Việt. Các tác phẩm của Nguyễn Tuân luôn thể hiện phong cách độc đáo, tài hoa, sự hiểu biết phong phú trong nhiều lĩnh vực và vốn ngôn ngữ giàu có, điêu luyện. Sách giáo khoa hiện hành xếp ông vào một trong 9 tác giả tiêu biểu của văn học Việt Nam hiện đại.[","truyện ngắn","Một chuyến đi","Nguyễn Tuân"
24,"Thạch Lam, tên thật là Nguyễn Tường Lân, là một nhà văn Việt Nam thuộc nhóm Tự Lực văn đoàn. Ông là em ruột của hai nhà văn khác cũng trong nhóm Tự Lực văn đoàn là Nhất Linh và Hoàng Đạo. Ngoài bút danh Thạch Lam, ông còn có các bút danh là Việt Sinh, Thiện Sỹ.","truyện ngắn","Truyện ngắn Thạch Lam","Tự lực văn đoàn"
47,"Tôi Mơ Một Giấc Mơ","truyện ngắn","Truyện ngắn đặc sắc","Nhiều tác giả"
48,"Nguyễn Công Hoan quê ở làng Xuân Cầu, tổng Xuân Cầu, huyện Văn Giang, phủ Thuận Thành, tỉnh Bắc Ninh (nay thuộc xã Nghĩa Trụ, huyện Văn Giang, tỉnh Hưng Yên). Ông sinh trong một gia đình quan lại xuất thân Nho học thất thế. Trong gia đình, từ nhỏ Nguyễn Công Hoan đã được nghe và thuộc rất nhiều câu thơ, câu đối và những giai thoại có tính chất trào lộng, châm biếm, đả kích tầng lớp quan lại. Điều đó ảnh hưởng mạnh mẽ đến phong cách văn chương của ông sau này. Ông có ba người em trai đều tham gia hoạt động cách mạng và giữ cương vị quan trọng là Nguyễn Công Miều (Lê Văn Lương) nguyên Ủy viên Bộ Chính trị, Nguyễn Công Bồng nguyên Phó Tổng Giám đốc Nha Công an và Nguyễn Công Mỹ nguyên Tổng Giám đốc đầu tiên của Nha bình dân học vụ.","truyện ngắn","TRUYỆN NGẮN - NGUYỄN CÔNG HOAN","Nguyễn Công Hoan"
49,"Khái Hưng tên thật là Trần Khánh Giư. Bút danh Khái Hưng được hình thành khi ông dùng phép đảo chữ để sắp xếp lại các chữ cái trong tên thật Khánh Giư.

.","truyện ngắn","TRUYỆN NGẮN - KHÁI HƯNG","Tự lực văn đoàn"
59,"Đang cập nhật","Truyện Ngắn - Ngôn Tình","Làm Vợ Bác Sĩ","Tiêu Phong"
60,"Không Có","Truyện Ngắn - Ngôn Tình","Tình Nhân Làm Ấm Giường Của Tổng Giám Đốc","Trần Viên Viên"
65,"Bụng trẻ con","Truyện Ngắn - Ngôn Tình","Bụng trẻ con","Vũ Trọng Phụng"
66,"nói về cái ghen của đàn ông gia trương trong xã hội cũ","Truyện Ngắn - Ngôn Tình","Cái ghen đàn ông","Vũ Trọng Phụng"
67,"Bối cảnh chính về sự bất bình của nhân vật chính khi lấy phải người vợ xấu xí","Truyện Ngắn - Ngôn Tình","Lấy Vợ Xấu","Vũ Trọng Phụng"
52,"Nơi đây không có ma pháp, không có đấu khí, cũng không có võ thuật, chỉ có duy nhất thứ gọi là Vũ Hồn. Trên mảnh đất Đấu La Đại Lục, Đường Môn sau vạn năm huy hoàng đã bắt đầu bước vào con đường suy thoái.","Truyện Tiên Hiệp","Đấu La Đại Lục","Đường Gia Tam Thiếu"
53,"Đấu Phá Thương Khung là một câu chuyện huyền huyễn đặc sắc kể về Tiêu Viêm, một thiên chi kiêu tử với thiên phú tu luyện mà ai ai cũng hâm mộ, bỗng một ngày người mẹ mất đi đễ lại di vật là một chiếc giới chỉ màu đen nhưng từ khi đó Tiêu Viêm đã mất đi thiên phú tu luyện của mình.","Truyện Tiên Hiệp","Đấu Phá Thương Khung","Thiên Tằm Thổ Đấu"
